{
  "name": "fbl-actions",
  "title": "Forbidden Lands Actions",
  "description": "Module to track actions on Forbidden Lands system.",
  "version": "1.0.0",
  "library": "false",
  "manifestPlusVersion": "1.2.0",
  "minimumCoreVersion": "0.8.8",
  "compatibleCoreVersion": "0.8.8",
  "author": "Ju Dantas (narukaioh)",
  "packs": [
    {
      "name": "fbl-actions",
      "label": "Forbidden Lands Actions",
      "path": "./packs/fbl-actions.db",
      "entity": "Macro"
    }
  ],
  "conflicts": [],
  "esmodules": [
    "/src/fbl-action.js"
  ],
  "url": "https://github.com/narukaioh/fbl-actions",
  "manifest": "https://github.com/narukaioh/fbl-actions/releases/latest/download/module.json",
  "download": "https://github.com/narukaioh/fbl-actions/archive/refs/tags/1.0.0.zip"
}